category,category_description,category_image,name,description,price,image,badge,active,product_id,images,long_description,base_price,price_per_inch,pricing_unit,min_inches,max_inches,dimensions,material,finish,stock,care_instructions,shipping_info,return_policy
Divine Creations,Detailed 3D-printed devotional sculptures and meaningful keepsakes.,WhatsApp Image 2026-10-11 at 12.07.33 AM (1).jpeg,Krishna Flute Idol,"A seated Krishna figure playing the flute, with flowing sculpted forms and a decorative base.",500,WhatsApp Image 2026-10-11 at 12.07.33 AM (1).jpeg,Featured,yes,krishna-flute-idol,WhatsApp Image 2026-10-11 at 12.07.33 AM (1).jpeg|WhatsApp Image 2026-10-11 at 12.07.35 AM (2).jpeg|WhatsApp Image 2026-10-11 at 12.07.37 AM.jpeg,"A seated Krishna figure playing the flute, with flowing sculpted forms and a decorative base.",500,120,inch,1,12,,PLA 3D-printed plastic,As shown in product photos,Made to order,"Dust gently with a soft, dry cloth. Keep away from excessive heat.",Please confirm production time and delivery charges with us before ordering.,Please contact us before ordering to confirm applicable return or exchange terms.
Divine Creations,Detailed 3D-printed devotional sculptures and meaningful keepsakes.,WhatsApp Image 2026-10-11 at 12.07.33 AM (1).jpeg,Lord Ganesha Idol,"A cheerful seated Lord Ganesha design, shown in a bright yellow finish.",500,WhatsApp Image 2026-10-11 at 12.07.33 AM.jpeg,,yes,lord-ganesha-idol,WhatsApp Image 2026-10-11 at 12.07.33 AM.jpeg,"A cheerful seated Lord Ganesha design, shown in a bright yellow finish.",500,120,inch,1,12,,PLA 3D-printed plastic,As shown in product photos,Made to order,"Dust gently with a soft, dry cloth. Keep away from excessive heat.",Please confirm production time and delivery charges with us before ordering.,Please contact us before ordering to confirm applicable return or exchange terms.
Divine Creations,Detailed 3D-printed devotional sculptures and meaningful keepsakes.,WhatsApp Image 2026-10-11 at 12.07.33 AM (1).jpeg,Sai Baba Seated Statue,A seated Sai Baba sculpture with a draped robe and rounded display base.,500,WhatsApp Image 2026-10-11 at 12.07.32 AM (1).jpeg,,yes,sai-baba-seated-statue,WhatsApp Image 2026-10-11 at 12.07.32 AM (1).jpeg,A seated Sai Baba sculpture with a draped robe and rounded display base.,500,120,inch,1,12,,PLA 3D-printed plastic,As shown in product photos,Made to order,"Dust gently with a soft, dry cloth. Keep away from excessive heat.",Please confirm production time and delivery charges with us before ordering.,Please contact us before ordering to confirm applicable return or exchange terms.
Divine Creations,Detailed 3D-printed devotional sculptures and meaningful keepsakes.,WhatsApp Image 2026-10-11 at 12.07.33 AM (1).jpeg,Mother & Child Flame Sculpture,A mother-and-child figure framed by a flowing flame-shaped silhouette.,500,513a38da-f4b2-4af3-a9f3-b54914ae47de.jpg,,yes,mother-child-flame-sculpture,513a38da-f4b2-4af3-a9f3-b54914ae47de.jpg|WhatsApp Image 2026-10-11 at 12.07.42 AM.jpeg|WhatsApp Image 2026-10-11 at 12.07.41 AM (1).jpeg,A mother-and-child figure framed by a flowing flame-shaped silhouette.,500,120,inch,1,12,,PLA 3D-printed plastic,As shown in product photos,Made to order,"Dust gently with a soft, dry cloth. Keep away from excessive heat.",Please confirm production time and delivery charges with us before ordering.,Please contact us before ordering to confirm applicable return or exchange terms.
Divine Creations,Detailed 3D-printed devotional sculptures and meaningful keepsakes.,WhatsApp Image 2026-10-11 at 12.07.33 AM (1).jpeg,Chhatrapati Shivaji Maharaj Bust,A sculpted bust of Chhatrapati Shivaji Maharaj on an ornate pedestal.,500,WhatsApp Image 2026-10-11 at 12.07.44 AM (1).jpeg,,yes,chhatrapati-shivaji-maharaj-bust,WhatsApp Image 2026-10-11 at 12.07.44 AM (1).jpeg,A sculpted bust of Chhatrapati Shivaji Maharaj on an ornate pedestal.,500,120,inch,1,12,,PLA 3D-printed plastic,As shown in product photos,Made to order,"Dust gently with a soft, dry cloth. Keep away from excessive heat.",Please confirm production time and delivery charges with us before ordering.,Please contact us before ordering to confirm applicable return or exchange terms.
Home Decor,Sculptural accents and small decor pieces designed to bring character to your space.,WhatsApp Image 2026-10-11 at 12.07.34 AM (1).jpeg,Sculpted Rose Bouquet,A decorative arrangement of three sculpted roses with textured petals and green leaves.,500,WhatsApp Image 2026-10-11 at 12.07.34 AM (1).jpeg,,yes,sculpted-rose-bouquet,WhatsApp Image 2026-10-11 at 12.07.34 AM (1).jpeg|WhatsApp Image 2026-10-11 at 12.07.34 AM (2).jpeg|WhatsApp Image 2026-10-11 at 12.07.35 AM (1).jpeg,A decorative arrangement of three sculpted roses with textured petals and green leaves.,500,120,inch,1,12,,PLA 3D-printed plastic,As shown in product photos,Made to order,"Dust gently with a soft, dry cloth. Keep away from excessive heat.",Please confirm production time and delivery charges with us before ordering.,Please contact us before ordering to confirm applicable return or exchange terms.
Home Decor,Sculptural accents and small decor pieces designed to bring character to your space.,WhatsApp Image 2026-10-11 at 12.07.34 AM (1).jpeg,Rose Stem Trio,"Three long-stem sculpted roses presented in contrasting red, orange and black finishes.",500,WhatsApp Image 2026-10-11 at 12.07.43 AM.jpeg,,yes,rose-stem-trio,WhatsApp Image 2026-10-11 at 12.07.43 AM.jpeg|WhatsApp Image 2026-10-11 at 12.07.43 AM (1).jpeg|WhatsApp Image 2026-10-11 at 12.07.43 AM (2).jpeg,"Three long-stem sculpted roses presented in contrasting red, orange and black finishes.",500,120,inch,1,12,,PLA 3D-printed plastic,As shown in product photos,Made to order,"Dust gently with a soft, dry cloth. Keep away from excessive heat.",Please confirm production time and delivery charges with us before ordering.,Please contact us before ordering to confirm applicable return or exchange terms.
Home Decor,Sculptural accents and small decor pieces designed to bring character to your space.,WhatsApp Image 2026-10-11 at 12.07.34 AM (1).jpeg,Owl Figurine,A rounded owl character with layered feather details and oversized eyes. Colour may vary by finish.,500,WhatsApp Image 2026-10-11 at 12.07.38 AM (1).jpeg,,yes,owl-figurine,WhatsApp Image 2026-10-11 at 12.07.38 AM (1).jpeg|WhatsApp Image 2026-10-11 at 12.07.38 AM.jpeg,A rounded owl character with layered feather details and oversized eyes. Colour may vary by finish.,500,120,inch,1,12,,PLA 3D-printed plastic,As shown in product photos,Made to order,"Dust gently with a soft, dry cloth. Keep away from excessive heat.",Please confirm production time and delivery charges with us before ordering.,Please contact us before ordering to confirm applicable return or exchange terms.
Miniatures & Collectibles,"Character figures, display pieces and playful collectibles for desks and shelves.",WhatsApp Image 2026-10-11 at 12.07.31 AM (1).jpeg,Tactical Skull Soldier Figurine — White,"A stylised skull-faced tactical character with helmet, goggles and detailed equipment.",500,WhatsApp Image 2026-10-11 at 12.07.31 AM (1).jpeg,,yes,tactical-skull-soldier-figurine-white,WhatsApp Image 2026-10-11 at 12.07.31 AM (1).jpeg|WhatsApp Image 2026-10-11 at 12.07.32 AM.jpeg,"A stylised skull-faced tactical character with helmet, goggles and detailed equipment.",500,120,inch,1,12,,PLA 3D-printed plastic,As shown in product photos,Made to order,"Dust gently with a soft, dry cloth. Keep away from excessive heat.",Please confirm production time and delivery charges with us before ordering.,Please contact us before ordering to confirm applicable return or exchange terms.
Miniatures & Collectibles,"Character figures, display pieces and playful collectibles for desks and shelves.",WhatsApp Image 2026-10-11 at 12.07.31 AM (1).jpeg,Tactical Skull Soldier Figurine — Black,"A dark-finish tactical character figurine with skull face, helmet, goggles and gear.",500,WhatsApp Image 2026-10-11 at 12.07.36 AM (1).jpeg,,yes,tactical-skull-soldier-figurine-black,WhatsApp Image 2026-10-11 at 12.07.36 AM (1).jpeg|WhatsApp Image 2026-10-11 at 12.07.37 AM (1).jpeg,"A dark-finish tactical character figurine with skull face, helmet, goggles and gear.",500,120,inch,1,12,,PLA 3D-printed plastic,As shown in product photos,Made to order,"Dust gently with a soft, dry cloth. Keep away from excessive heat.",Please confirm production time and delivery charges with us before ordering.,Please contact us before ordering to confirm applicable return or exchange terms.
Miniatures & Collectibles,"Character figures, display pieces and playful collectibles for desks and shelves.",WhatsApp Image 2026-10-11 at 12.07.31 AM (1).jpeg,One Piece Logo Display Plaque,A colourful One Piece logo-style display plaque made for a fan shelf or gaming setup.,500,WhatsApp Image 2026-10-11 at 12.07.39 AM (3).jpeg,,yes,one-piece-logo-display-plaque,WhatsApp Image 2026-10-11 at 12.07.39 AM (3).jpeg,A colourful One Piece logo-style display plaque made for a fan shelf or gaming setup.,500,120,inch,1,12,,PLA 3D-printed plastic,As shown in product photos,Made to order,"Dust gently with a soft, dry cloth. Keep away from excessive heat.",Please confirm production time and delivery charges with us before ordering.,Please contact us before ordering to confirm applicable return or exchange terms.
Functional & Utility,"Useful, thoughtfully designed 3D-printed objects for desks and everyday organisation.",WhatsApp Image 2026-10-11 at 12.07.31 AM.jpeg,Honeycomb Wall Key Holder,A geometric wall-mounted key organiser with hexagonal cells and bright accent hooks.,500,WhatsApp Image 2026-10-11 at 12.07.31 AM.jpeg,,yes,honeycomb-wall-key-holder,WhatsApp Image 2026-10-11 at 12.07.31 AM.jpeg,A geometric wall-mounted key organiser with hexagonal cells and bright accent hooks.,500,120,inch,1,12,,PLA 3D-printed plastic,As shown in product photos,Made to order,"Dust gently with a soft, dry cloth. Keep away from excessive heat.",Please confirm production time and delivery charges with us before ordering.,Please contact us before ordering to confirm applicable return or exchange terms.
Functional & Utility,"Useful, thoughtfully designed 3D-printed objects for desks and everyday organisation.",WhatsApp Image 2026-10-11 at 12.07.31 AM.jpeg,Hexagon Wall Key Holder,A dark hexagon-pattern wall key holder with metallic-gold accent hooks.,500,WhatsApp Image 2026-10-11 at 12.07.36 AM (2).jpeg,,yes,hexagon-wall-key-holder,WhatsApp Image 2026-10-11 at 12.07.36 AM (2).jpeg,A dark hexagon-pattern wall key holder with metallic-gold accent hooks.,500,120,inch,1,12,,PLA 3D-printed plastic,As shown in product photos,Made to order,"Dust gently with a soft, dry cloth. Keep away from excessive heat.",Please confirm production time and delivery charges with us before ordering.,Please contact us before ordering to confirm applicable return or exchange terms.
Functional & Utility,"Useful, thoughtfully designed 3D-printed objects for desks and everyday organisation.",WhatsApp Image 2026-10-11 at 12.07.31 AM.jpeg,Desktop Organizer Tray,A tiered desktop organiser with divided compartments for small stationery and everyday items.,500,WhatsApp Image 2026-10-11 at 12.07.39 AM (1).jpeg,,yes,desktop-organizer-tray,WhatsApp Image 2026-10-11 at 12.07.39 AM (1).jpeg|WhatsApp Image 2026-10-11 at 12.07.39 AM (2).jpeg|WhatsApp Image 2026-10-11 at 12.07.39 AM.jpeg,A tiered desktop organiser with divided compartments for small stationery and everyday items.,500,120,inch,1,12,,PLA 3D-printed plastic,As shown in product photos,Made to order,"Dust gently with a soft, dry cloth. Keep away from excessive heat.",Please confirm production time and delivery charges with us before ordering.,Please contact us before ordering to confirm applicable return or exchange terms.
Functional & Utility,"Useful, thoughtfully designed 3D-printed objects for desks and everyday organisation.",WhatsApp Image 2026-10-11 at 12.07.31 AM.jpeg,Macro Switch Pro,"A compact macro controller with three rotary knobs, programmable-style keys and an illuminated edge.",500,WhatsApp Image 2026-10-11 at 12.07.37 AM (2).jpeg,,yes,macro-switch-pro,WhatsApp Image 2026-10-11 at 12.07.37 AM (2).jpeg,"A compact macro controller with three rotary knobs, programmable-style keys and an illuminated edge.",500,120,inch,1,12,,PLA 3D-printed plastic,As shown in product photos,Made to order,"Dust gently with a soft, dry cloth. Keep away from excessive heat.",Please confirm production time and delivery charges with us before ordering.,Please contact us before ordering to confirm applicable return or exchange terms.
Gifts & Personalised,Meaningful keepsakes and decorative gifts for people and occasions that matter.,64809399-1220-4f1c-8083-d9ca20d2e0aa.jpg,Mother & Child Heart Keepsake,A heart-shaped mother-and-child keepsake available in different colour finishes.,500,64809399-1220-4f1c-8083-d9ca20d2e0aa.jpg,,yes,mother-child-heart-keepsake,64809399-1220-4f1c-8083-d9ca20d2e0aa.jpg|WhatsApp Image 2026-10-11 at 12.07.40 AM (1).jpeg|WhatsApp Image 2026-10-11 at 12.07.41 AM.jpeg,A heart-shaped mother-and-child keepsake available in different colour finishes.,500,120,inch,1,12,,PLA 3D-printed plastic,As shown in product photos,Made to order,"Dust gently with a soft, dry cloth. Keep away from excessive heat.",Please confirm production time and delivery charges with us before ordering.,Please contact us before ordering to confirm applicable return or exchange terms.
Gifts & Personalised,Meaningful keepsakes and decorative gifts for people and occasions that matter.,64809399-1220-4f1c-8083-d9ca20d2e0aa.jpg,Embracing Couple Sculpture,"A minimalist sculpture of a couple embracing, with a smooth, continuous silhouette.",500,8742f719-86ff-46dd-bfe7-329360d44d53.jpg,,yes,embracing-couple-sculpture,8742f719-86ff-46dd-bfe7-329360d44d53.jpg,"A minimalist sculpture of a couple embracing, with a smooth, continuous silhouette.",500,120,inch,1,12,,PLA 3D-printed plastic,As shown in product photos,Made to order,"Dust gently with a soft, dry cloth. Keep away from excessive heat.",Please confirm production time and delivery charges with us before ordering.,Please contact us before ordering to confirm applicable return or exchange terms.
Gifts & Personalised,Meaningful keepsakes and decorative gifts for people and occasions that matter.,64809399-1220-4f1c-8083-d9ca20d2e0aa.jpg,Wedding Couple Figurine,"A groom and bride figurine standing together on a round base, suited to a wedding keepsake.",500,8d5a2e7f-00d9-4d0d-9d11-d508dbb26ca3.jpg,,yes,wedding-couple-figurine,8d5a2e7f-00d9-4d0d-9d11-d508dbb26ca3.jpg,"A groom and bride figurine standing together on a round base, suited to a wedding keepsake.",500,120,inch,1,12,,PLA 3D-printed plastic,As shown in product photos,Made to order,"Dust gently with a soft, dry cloth. Keep away from excessive heat.",Please confirm production time and delivery charges with us before ordering.,Please contact us before ordering to confirm applicable return or exchange terms.
Gifts & Personalised,Meaningful keepsakes and decorative gifts for people and occasions that matter.,64809399-1220-4f1c-8083-d9ca20d2e0aa.jpg,Abstract Couple Heart Sculpture,A modern couple sculpture with their hands forming a heart shape.,500,eb0e74ad-90e3-44ff-8ffb-0fd02e7e178c.jpg,,yes,abstract-couple-heart-sculpture,eb0e74ad-90e3-44ff-8ffb-0fd02e7e178c.jpg,A modern couple sculpture with their hands forming a heart shape.,500,120,inch,1,12,,PLA 3D-printed plastic,As shown in product photos,Made to order,"Dust gently with a soft, dry cloth. Keep away from excessive heat.",Please confirm production time and delivery charges with us before ordering.,Please contact us before ordering to confirm applicable return or exchange terms.
